,Email,Views,Joined,Des,Location,Channel Url
0,Not found,"490,042 views","Mar 25, 2020",The Newsters is an online news portal covering the latest and unaltered news throughout India and the globe.,India,https://www.youtube.com/channel/UCWfyzFT4WARHJu7G1tFSlAw
1,Not found,"1,357 views","Dec 28, 2014",Not found,Not found,https://www.youtube.com/channel/UCXJFgRlK7wUq2xTFOSeuq9Q
2,Not found,"3,546 views","Dec 21, 2016","‡§∞‡§æ‡§∑‡•ç‡§ü‡•ç‡§∞‡•Ä‡§Ø ‡§Æ‡§π‡§æ‡§∏‡§ö‡§ø‡§µ
‡§≠‡§æ‡§∞‡§§‡•Ä‡§Ø ‡§Æ‡§æ‡§®‡§µ‡§§‡§æ ‡§™‡§æ‡§∞‡•ç‡§ü‡•Ä",Not found,https://www.youtube.com/channel/UCVbfQDcNkRumWUXcCBpshYg
3,Not found,"8,486 views","Mar 24, 2020",Indian,Not found,https://www.youtube.com/channel/UCBHzx07ihe3B8o2DUHylBhg
4,Not found,"1,443 views","Nov 24, 2020",Short clips poetic south Asian lyrics & status,Not found,https://www.youtube.com/channel/UCI9mEh8uJJGrWqLEC6gEEtA
5,Not found,9 views,"May 17, 2020","this channel is the News like all Channel :- NDTV INDIA , AAJ TAK , ABP NEWS , NDIA TV ,ZEE NEWS ,YOUTUBE NEWS CHANNEL and ETC like that..",India,https://www.youtube.com/channel/UCk6ZWExrHRdKWXQdlX4GS3Q
6,Not found,"3,170 views","Mar 20, 2020",I Love India,India,https://www.youtube.com/channel/UCUDXs0UjSfN0OQ2hRwzWhow
7,Not found,195 views,"Dec 24, 2020",Latest entertainment,India,https://www.youtube.com/channel/UCa5rjMpqFXKZtudmykwL8Mw
8,Not found,383 views,"Feb 7, 2021",Not found,Not found,https://www.youtube.com/channel/UC6ASBHDPj6hGayFkt2xf63Q
9,Not found,229 views,"Feb 4, 2021","Crypto Adda is the Youtube Channel for Cryptocurrencies Like Bitcoin, Dogecoin, Etherium ETC. You will get All The news Related To Cryptocurrency here",India,https://www.youtube.com/channel/UCgAesRjjmdNKgF5PeD6yKXw
10,Not found,"40,525 views","Feb 14, 2012","2012 me socha YouTuber banauga...channel bhi banaya lekin.....

Sochte sochte 2020 me start kiya...


Subscribe for new Video every week!!",India,https://www.youtube.com/channel/UCXBh66Q6HHJya_Gy9KDD88w
11,Not found,"57,601 views","Apr 3, 2020","‡§¶‡•á‡§∂ ‡§ï‡•Ä ‡§π‡§∞ ‡§¨‡§°‡§º‡•Ä ‡§ñ‡§¨‡§∞‡•ã‡§Ç ‡§ï‡•ã ‡§π‡§Æ ‡§∏‡§ü‡•Ä‡§ï ‡§µ‡§ø‡§∂‡•ç‡§≤‡•á‡§∑‡§£ ‡§ï‡•á ‡§∏‡§æ‡§• ‡§Ü‡§™‡§§‡§ï ‡§™‡§π‡•Å‡§Ç‡§ö‡§æ‡§è‡§Ç‡§ó‡•á ! .‡§π‡§Æ ‡§∏‡§ø‡§∞‡•ç‡§´ ‡§ñ‡§¨‡§∞ ‡§π‡•Ä ‡§®‡§π‡•Ä‡§Ç, ‡§¨‡§≤‡•ç‡§ï‡§ø  ‡§â‡§∏‡§ï‡•á ‡§¶‡•ã‡§®‡•ã‡§Ç ‡§™‡§π‡§≤‡•Ç ‡§≠‡•Ä ‡§¶‡§ø‡§ñ‡§æ‡§è‡§Ç‡§ó‡•á‡•§ ‡§Ø‡•á ‡§™‡•ç‡§≤‡•á‡§ü‡§´‡•â‡§∞‡•ç‡§Æ ‡§Ü‡§™‡§§‡§ï ‡§ú‡§Æ‡•Ä‡§®‡•Ä ‡§∏‡§ö‡•ç‡§ö‡§æ‡§à ‡§™‡§π‡•Å‡§Ç‡§ö‡§æ‡§®‡•á ‡§ï‡§æ ‡§è‡§ï ‡§Æ‡§æ‡§ß‡•ç‡§Ø‡§Æ ‡§π‡•à‡•§",India,https://www.youtube.com/channel/UCX6vYy-yS5GsL_cbZiwJGiA
12,Not found,"7,355 views","Apr 1, 2020","An artist to express my thoughts through music and lyrics. Indipendent artist.RAPPER, LYRICIST, COMPOSER, SINGER.,., video maker.,.,#jai Hind üïâÔ∏èüôèüáÆüá≥üî±‚ù§Ô∏è.,",Not found,https://www.youtube.com/channel/UCWn9mAv_FuLQsvl_6sApUQA
13,Not found,198 views,"Feb 16, 2021","Sach Tv news Hindi News Chanel, Saskar, Sanskrat Indian, Respected Men & Women Etc.  
‡§∏‡§ö ‡§ü‡•Ä‡§µ‡•Ä ‡§®‡•ç‡§Ø‡•Ç‡§ú ‡§π‡§ø‡§®‡•ç‡§¶‡•Ä ‡§ö‡•à‡§®‡§≤, ‡§≠‡§æ‡§∞‡§§‡•Ä‡§Ø ‡§∏‡§Ç‡§∏‡•ç‡§ï‡§æ‡§∞ ‡§∏‡§Ç‡§∏‡•ç‡§ï‡•É‡§§‡§ø, ‡§∏‡§Æ‡•ç‡§Æ‡§æ‡§®‡§ø‡§§ ‡§Æ‡§π‡§ø‡§≤‡§æ, ‡§™‡•Å‡§∞‡•Å‡§∑, ‡§¨‡§ö‡•ç‡§ö‡•á ‡§Ü‡§¶‡§ø ",Not found,https://www.youtube.com/channel/UC9GDmpIdgD0kjr1o2G2C9Aw
14,Not found,"18,224 views","Dec 6, 2016","YouTube channel Our  Shri Narendra Modi, Prime Minister of India.and  how they work for nationa. keep support our Prime Minister of India  and subscribe . jai hind",Not found,https://www.youtube.com/channel/UCl_qesdn56-OP67usJDbzfA
15,Not found,"1,344 views","Aug 15, 2013",Not found,Not found,https://www.youtube.com/channel/UClv5dh67zRXoyoSDF3GXSxg
16,Not found,"14,821 views","Feb 29, 2020","Mehmood Pracha is a New Delhi, India based lawyer, noted for his Criminal law practice. He has been at the forefront of defending the innocent youth who are routinely implicated falsely in terror-related cases, in the trials, and at appellate stages. He is known for extensively engaging in pro-Bono work for the weaker sections of the society including women, SC/STs, and minorities. He has rendered pro Bono services as Legal Consultant to the National Commission for Women, National Commission for Minorities and Delhi Safaikaramchari Commission. He has previously been the Addl. Advocate General for the State of Haryana in the Supreme Court of India, a position which he abdicated in protest against the state inaction over the Gohana massacre. In contradistinction to the norm amongst other Human Rights Lawyers, Pracha‚Äôs principal focus has been on the Trial Courts i.e. the courts of first instance where Human Rights risk being trampled, in the absence of diligent and able advocacy on the p",India,https://www.youtube.com/channel/UCiA7dNSya3TsztsNyIamDXw
17,Not found,404 views,"Jun 23, 2016",S k news,Not found,https://www.youtube.com/channel/UC1aoeBWgob6Q2mmwNgzUrQw
18,Not found,"7,901 views","Jun 20, 2018",Not found,India,https://www.youtube.com/channel/UCzS8p99VjmLeYu0m0eKr_Jw
19,Not found,"18,559 views","Jan 10, 2020","‡§¶ ‡§≠‡§æ‡§∞‡§§ ‡§™‡•ç‡§∞‡•á‡§∏ ‡§Æ‡•á‡§Ç ‡§Ü‡§™‡§ï‡§æ ‡§∏‡•ç‡§µ‡§æ‡§ó‡§§ ‡§π‡•à‡•§ ‡§Ø‡§π‡§æ‡§Ç ‡§Ü‡§™‡§ï‡•ã ‡§Æ‡§ø‡§≤‡•á‡§Ç‡§ó‡•Ä ‡§≤‡•á‡§ü‡•á‡§∏‡•ç‡§ü ‡§ñ‡§¨‡§∞‡•á‡§Ç, ‡§Æ‡§π‡§§‡•ç‡§§‡•ç‡§µ‡§™‡•Ç‡§∞‡•ç‡§£ ‡§ñ‡§¨‡§∞‡•ã‡§Ç ‡§ï‡§æ ‡§µ‡§ø‡§∂‡•ç‡§≤‡•á‡§∑‡§£‡•§ ‡§∏‡§æ‡§• ‡§π‡•Ä, ‡§¨‡•â‡§≤‡•Ä‡§µ‡•Å‡§° ‡§®‡•ç‡§Ø‡•Ç‡§ú, ‡§¶‡•á‡§∂ ‡§ï‡•Ä ‡§ú‡§º‡§∞‡•Ç‡§∞‡•Ä ‡§ñ‡§¨‡§∞‡•á‡§Ç, ‡§µ‡§ø‡§¶‡•á‡§∂‡•ã‡§Ç ‡§Æ‡•á‡§Ç ‡§ï‡•ç‡§Ø‡§æ ‡§ö‡§≤ ‡§∞‡§π‡§æ ‡§π‡•à ‡§â‡§∏‡§ï‡•á ‡§¨‡§æ‡§∞‡•á ‡§Æ‡•á‡§Ç‡•§ ‡§Ö‡§∞‡•ç‡§•‡§µ‡•ç‡§Ø‡§µ‡§∏‡•ç‡§•‡§æ ‡§ï‡§ø‡§∏ ‡§∞‡§æ‡§∏‡•ç‡§§‡•á ‡§ú‡§æ ‡§∞‡§π‡•Ä ‡§π‡•à ‡§î‡§∞ ‡§¶‡§ø‡§®‡§≠‡§∞ ‡§Æ‡•á‡§Ç ‡§ï‡•ç‡§Ø‡§æ ‡§ï‡•ç‡§Ø‡§æ ‡§∞‡§æ‡§Ø‡§§‡§æ ‡§´‡•à‡§≤‡§æ ‡§π‡•à ‡§∏‡§≠‡•Ä ‡§¨‡§æ‡§§‡•ã‡§Ç ‡§™‡§∞ ‡§π‡§Æ‡§æ‡§∞‡•Ä ‡§™‡§ï‡§°‡§º ‡§π‡•ã‡§ó‡•Ä‡•§ ‡§µ‡•ã ‡§ñ‡§¨‡§∞‡•á‡§Ç ‡§ú‡§ø‡§®‡§∏‡•á ‡§Ü‡§™‡§ï‡•ã ‡§´‡§º‡§∞‡•ç‡§ï ‡§™‡§°‡§º‡§§‡§æ ‡§π‡•à ‡§î‡§∞ ‡§ú‡§ø‡§∏‡•á ‡§ú‡§æ‡§®‡§ï‡§∞ ‡§Ü‡§™ ‡§Ö‡§™‡§®‡§æ ‡§®‡§ú‡§∞‡§ø‡§Ø‡§æ ‡§¨‡§®‡§æ ‡§∏‡§ï‡§§‡•á ‡§π‡•à‡§Ç, ‡§π‡§Æ‡§æ‡§∞‡•Ä ‡§®‡§ú‡§∞ ‡§â‡§® ‡§∏‡§≠‡•Ä ‡§¨‡§æ‡§§‡•ã‡§Ç ‡§™‡§∞ ‡§π‡•ã‡§ó‡•Ä‡•§

Welcome to The Bharat Press, here you will get daily news, the ongoing affairs happening in the country and overseas. We look into the news which matters you the most. The Bharat Press team presents analysis on various current issues. We believe in Truth to be spoken fearlessly, on the point and based on facts. The Bharat Press team is committed to provide you valid information based on facts.",India,https://www.youtube.com/channel/UCzHwqoM6Fnulnr3IGtId3fQ
20,Not found,"21,280 views","Jul 1, 2018","Hello friends

     Sirjana Art Group Raikot is a Professional theatre team. Presentation by One Act play, Solo play, Nukkad Natak,Geet  Natak and Chorographys all of Punjab & out of State. Sirjana Art Group Raikot is Founded in 1993 by Dr.Sompal Heera. Contact no. 98158-15892,82840-38387.",Not found,https://www.youtube.com/channel/UCWJB67qd-bHH9LlYRN1cJEg
21,Not found,255 views,"Feb 14, 2021",Not found,Not found,https://www.youtube.com/channel/UCDF6uRl8IqUGRIGiJ1cVPwg
22,Not found,111 views,"Feb 8, 2021","Swaraj is my birthright, I will take it """,Not found,https://www.youtube.com/channel/UCPKRRvvS-dLqLVpN4MBFxdg
23,Not found,"1,166,259 views","Jun 11, 2015","Chhatra sansad is a socio-political organization which aims to spread awareness and activeness amongst the youth of this country. We believe in Informing the youth about the burning issues of our society, Igniting them to take up social and burning issues and Inspiring them to Initiate such activities on a National Platform.

Therefore, INFORM.IGNITE.INITIATE is our Aim,Mission and Vision.",India,https://www.youtube.com/channel/UCWeMyMbWOK_LJfx2fYacl8g
24,Not found,"487,881 views","Nov 19, 2013",Not found,Not found,https://www.youtube.com/channel/UCgxiq7C-SGKg4tfVm0KhCJg
25,Not found,"4,801 views","Jun 17, 2017",Kumar sanu 90 s Prem basera,Not found,https://www.youtube.com/channel/UCq7ikCjdWguWC656aLsfhhA
26,Not found,85 views,"Jan 29, 2021","Just sit relax and enjoy with my videos üòä
It'll be Interesting and relaxing",Not found,https://www.youtube.com/channel/UCt9DjR9SU4mz_w5NhhmzWjA
27,Not found,462 views,"Jan 28, 2021",samachartimeshindi.com is one of the leading Indian Digital news platforms which is actively reporting for the Nation.,Not found,https://www.youtube.com/channel/UCkiUWgBvUuGR9VLd-_F-rmA
28,Not found,134 views,"Jan 5, 2021",Not found,India,https://www.youtube.com/channel/UCOxamdpy1VniU4en06CRDsQ
